<?xml version="1.0" encoding="UTF-8" standalone="yes"?>
<descriptor xmlns="http://www.ibm.com/iis/igc/asset-type-descriptor" 
	bundleId="DataWorks"> <!-- short ID for preventing clashes with other asset bundles -->
		 
<!-- ****************************************************************** -->
<!-- ********* GUI Containers: Families, Trees ********** -->
	
	<family position="2" classRefs="Service, Activity, Instance, Action" >
		<label key="family1" inDefaultLocale="DataWorks" />
	</family>
	   
	<tree position="3" rootClassRefs="Service">
		<label key="tree1" inDefaultLocale="DataWorks Services" />
	</tree>
		 
<!-- ****************************************************************** -->
<!-- ********* Structural definitions: Classes, Attributes ********** -->
<!-- *********    Hierarchy: Service - Activity(Join / Copy) - Instance(Input / Output) - Action ********** -->
	
<!-- ********* Service ********** -->

	<class localId="Service" dataAccessRole="None" canHaveImage="true">	
		<label key="class.Service" inDefaultLocale="DataWorks Service" />
		<pluralLabel key="class-plural.Service" inDefaultLocale="DataWorks Services" />
		
		<headerSection>						
			<attribute localId="Plan" type="String" editable="true">
				<label key="attr.Service.Plan" inDefaultLocale="Plan" />
				<validValue localId="Starter">
					<label key="enum.Plan.Starter" inDefaultLocale="Starter" />
				</validValue>
				<validValue localId="Personal">
					<label key="enum.Plan.Personal" inDefaultLocale="Personal" />
				</validValue>
				<validValue localId="Professional">
					<label key="enum.Plan.Professional" inDefaultLocale="Professional" />
				</validValue>
				<validValue localId="Enterprise">
					<label key="enum.Plan.Enterprise" inDefaultLocale="Enterprise" />
				</validValue>
			</attribute> 
		</headerSection>											
	</class>
	
<!-- ********* Activity ********** -->
		
	<class localId="Activity" containerClassRefs="Service" canHaveImage="true" expandableInLineage="true" >
		<label key="class.Activity" inDefaultLocale="DataWorks Activity" />
		<pluralLabel key="class-plural.Activity" inDefaultLocale="DataWorks Activities" />
		
		<headerSection>
			<attribute localId="LastRun" type="String" editable="true">
				<label key="attr.Activity.LastRun" inDefaultLocale="Last Run" />
			</attribute> 
		</headerSection>
	</class>
	
	<class localId="Join" superClassRef="Activity">									
		<label key="class.Join" inDefaultLocale="DataWorks Join" />
		<pluralLabel key="class-plural.Join" inDefaultLocale="DataWorks Joins" />
	</class>
	
	<class localId="Copy" superClassRef="Activity">									
		<label key="class.Copy" inDefaultLocale="DataWorks Copy" />
		<pluralLabel key="class-plural.Copy" inDefaultLocale="DataWorks Copies" />
	</class>
	
<!-- ********* Instance ********** -->

	<class localId="Instance" containerClassRefs="Activity" canHaveImage="false" reportingLevel="2">									
		<label key="class.Instance" inDefaultLocale="DataWorks Instance" />
		<pluralLabel key="class-plural.Instance" inDefaultLocale="DataWorks Instances" />
		
		<headerSection>
			<attribute localId="Location" type="String" >
				<label key="attr.Instance.Location" inDefaultLocale="Location" />
			</attribute> 
		</headerSection>
	</class>

	<class localId="Input" superClassRef="Instance">									
		<label key="class.Input" inDefaultLocale="DataWorks Input" />
		<pluralLabel key="class-plural.Input" inDefaultLocale="DataWorks Inputs" />
	</class>

	<class localId="Output" superClassRef="Instance">									
		<label key="class.Output" inDefaultLocale="DataWorks Output" />
		<pluralLabel key="class-plural.Output" inDefaultLocale="DataWorks Outputs" />
	</class>

<!-- ********* Action ********** -->
		
	<class localId="Action" containerClassRefs="Instance" canHaveImage="false" >
		<label key="class.Action" inDefaultLocale="DataWorks Instance Action" />
		<pluralLabel key="class-plural.Action" inDefaultLocale="DataWorks Instance Actions" />
		
		<headerSection>
			<attribute localId="Logging" type="String" >
				<label key="attr.Action.Logging" inDefaultLocale="Logging" />
			</attribute> 
		</headerSection>
	</class>
</descriptor>